Reference number,Chemical name,Colour index Number / Name of Common Ingredients Glossary,CAS Number,EC Number,"Colour","Product Type, body parts",Maximum concentration in ready for use preparation,Other,Wording of conditions of use and warnings,Regulation,Regulated By,Other Directives/Regulations,SCCS opinions,Chemical/IUPAC Name,Identified INGREDIENTS or substances e.g.,CMR,Update date
1,"Sodium tris(1,2 -naphthoquinone 1-oximato-O,O')ferrate(1-) ","CI 10006","","","Green","Rinse -off product","","","","(EC) No 1223/2009","88/667/EEC","","","","CI 10006","",19/10/2010
2,"Trisodium tris[5,6 -dihydro-5-(hydroxyimino)-6-oxonaphthalene-2-sulphonato(2-)-N5,O6]ferrate(3-)","CI 10020","","","Green","Not to be used in products applied on mucous membranes","","","","(EC) No 1223/2009","88/667/EEC","","","","CI 10020","",19/10/2010
3,"Disodium 5,7 -dinitro-8-oxidonaphthalene-2-sulphonate and its insoluble barium, strontium and zirconium lakes, salts and pigments","CI 10316","","","Yellow","Not to be used in eye products","","","","(EC) No 1223/2009","88/667/EEC","","","","ACID YELLOW 1;CI 10316;(*)CI 10316; 2-Naphthalenesulfonic acid, 5,7-dinitro-8-hydroxy-, dipotassium salt;  FD and C Yellow No. 2   ;(*)CI 10316; 2-Naphthalenesulfonic acid, 8-hydroxy-5,7-dinitro-, aluminum salt (3:2); Ext. D & C yellow no. 7 aluminum lake;(*)CI 10316; 8-Hydroxy-5,7-dinitronaphthalene-2-sulphonic acid, aluminium salt;(*)CI 10316; Barium 8-hydroxy-5,7-dinitronaphthalene-2-sulphonate (1:1)","",18/10/2010
4,"2 -[(4-Methyl-2-nitrophenyl)azo]-3-oxo-N-phenylbutyramide ","CI 11680","","","Yellow","Not to be used in products applied on mucous membranes","","","","(EC) No 1223/2009","88/667/EEC","","","","CI 11680","",19/10/2010
5,"2 -[(4-Chloro-2-nitrophenyl)azo]-N-(2-chlorophenyl)-3-oxobutyramide","CI 11710","","","Yellow","Not to be used in products applied on mucous membranes","","","","(EC) No 1223/2009","88/667/EEC","","","","CI 11710","",19/10/2010
6,"2 -[(4-Methoxy-2-nitrophenyl)azo]-3-oxo-N-(o-tolyl)butyramide","CI 11725","","","Orange","Rinse -off products","","","","(EC) No 1223/2009","88/667/EEC","","","","CI 11725","",28/10/2010
7,"4 -(Phenylazo)resorcinol","CI 11920","","","Orange","","","","","(EC) No 1223/2009","88/667/EEC","","","","CI 11920","",19/10/2010
8,"4 -[(4-Ethoxyphenyl)azo]naphthol","CI 12010","","","Red","Not to be used in products applied on mucous membranes","","","","(EC) No 1223/2009","88/667/EEC","","","","CI 12010;SOLVENT RED 3","",19/10/2010
9,"1 -[(2-Chloro-4-nitrophenyl)azo]-2-naphthol and its insoluble barium, strontium and zirconium lakes, salts and pigments","CI 12085 ","","","Red","","3%","","","(EC) No 1223/2009","88/667/EEC","","","","CI 12085","",18/10/2010
10,"1 -[(4-Methyl-2-nitrophenyl)azo]-2-naphthol","CI 12120","","","Red","Rinse -off products","","","","(EC) No 1223/2009","88/667/EEC","","","","CI 12120","",28/10/2010
11,"3 -Hydroxy-N-(o-tolyl)-4-[(2,4,5-trichlorophenyl)azo]naphthalene-2-carboxamide","CI 12370","","","Red","Rinse -off products","","","","(EC) No 1223/2009","88/667/EEC","","","","CI 12370;PIGMENT RED 112","",19/10/2010
12,"N -(4-Chloro-2-methylphenyl)-4-[(4-chloro-2-methylphenyl)azo]-3-hydroxynaphthalene-2-carboxamide","CI 12420","","","Red","Rinse -off products","","","","(EC) No 1223/2009","88/667/EEC","","","","CI 12420","",19/10/2010
13,"4 -[(2,5-Dichlorophenyl)azo]-N-(2,5-dimethoxyphenyl)-3-hydroxynaphthalene-2-carboxamide","CI 12480","","","Brown","Rinse -off products","","","","(EC) No 1223/2009","88/667/EEC","","","","CI 12480","",19/10/2010
14,"N -(5-Chloro-2,4-dimethoxyphenyl)-4-[[5-[(diethylamino)sulphonyl]-2-methoxyphenyl]azo]-3-hydroxynaphthalene-2-carboxamide","CI 12490","","","Red","","","","","(EC) No 1223/2009","88/667/EEC","","","","CI 12490;PIGMENT RED 5","",19/10/2010
15,"2,4 -Dihydro-5-methyl-2-phenyl-4-(phenylazo)-3H-pyrazol-3-one","CI 12700","","","Yellow","Rinse -off products","","","","(EC) No 1223/2009","89/174/EEC","","","","CI 12700","",19/10/2010
16,"Disodium 2 -amino-5-[(4-sulphonatophenyl)azo]benzenesulphonate","CI 13015","","","Yellow","","","","","(EC) No 1223/2009","88/667/EEC","","","","CI 13015","",19/10/2010
17,"Sodium 4 -(2,4-dihydroxyphenylazo)benzenesulphonate","CI 14270","","","Orange","","","","","(EC) No 1223/2009","88/667/EEC","","","","CI 14270","",28/10/2010
18,"Disodium 3 -[(2,4-dimethyl-5-sulphonatophenyl)azo]-4-hydroxynaphthalene-1-sulphonate ","CI 14700","","","Red","","","","","(EC) No 1223/2009","88/667/EEC","","","","CI 14700","",19/10/2010
19,"Disodium 4 -hydroxy-3-[(4-sulphonatonaphthyl)azo]naphthalenesulphonate","CI 14720","","222-657-4","Red","","","Purity criteria as set out in Commission Directive 95/45/EC (E 122)","","(EC) No 1223/2009","88/667/EEC","","","","ACID RED 14;ACID RED 14 ALUMINUM LAKE;CI 14720","",18/10/2010
20,"Disodium 6 -[(2,4-dimethyl-6-sulphonatophenyl)azo]-5-hydroxynaphthalene-1-sulphonate","CI 14815","","","Red","","","","","(EC) No 1223/2009","88/667/EEC","","","","CI 14815","",19/10/2010
21,"Sodium 4 -[(2-hydroxy-1-naphthyl)azo]benzenesulphonate and its unsoluble barium, strontium and zirconium lakes, salts and pigments","CI 15510","","","Orange","Not to be used in eye products","","","","(EC) No 1223/2009","88/667/EEC","","","","ACID ORANGE 7;CI 15510","",19/10/2010
22,"Calcium disodium bis[2 -chloro-5-[(2-hydroxy-1-naphthyl)azo]-4-sulphonatobenzoate] ","CI 15525","","","Red","","","","","(EC) No 1223/2009","88/667/EEC","","","","CI 15525","",19/10/2010
23,"Barium bis[4 -[(2-hydroxy-1-naphthyl)azo]-2-methylbenzenesulphonate] ","CI 15580","","","Red","","","","","(EC) No 1223/2009","88/667/EEC","","","","CI 15580","",19/10/2010
24,"Sodium 4 -[(2-Hydroxy-1-naphthyl)azo]naphthalenesulphonate","CI 15620","","","Red","Rinse -off products","","","","(EC) No 1223/2009","88/667/EEC","","","","CI 15620","",19/10/2010
25,"Sodium 2 -[(2-hydroxynaphthyl)azo]naphthalenesulphonate and its insoluble barium, strontium and zirconium lakes, salts and pigments","CI 15630 ","","","Red","","3% ","","","(EC) No 1223/2009","88/667/EEC","","","","CI 15630","",19/10/2010
26,"Calcium bis[3 -hydroxy-4-(phenylazo)-2-naphthoate]","CI 15800","","","Red","Not to be used in products applied on mucous membranes ","","","","(EC) No 1223/2009","89/174/EEC","","","","CI 15800","",18/10/2010
27,"Disodium 3 -hydroxy-4-[(4-methyl-2-sulphonatophenyl)azo]-2-naphthoate and its insoluble barium, strontium and zirconium lakes, salts  and pigments","CI 15850 ","","226-109-5","Red","","","Purity criteria as set out in Commission Directive 95/45/EC (E 180)","","(EC) No 1223/2009","88/667/EEC","","","","CI 15850;PIGMENT RED 57;PIGMENT RED 57:1","",18/10/2010
28,"Disodium 4 -[(5-chloro-4-methyl-2-sulphonatophenyl)azo]-3-hydroxy-2-naphthoate and its insoluble barium, strontium and zirconium lakes, salts  and pigments ","CI 15865 ","","","Red","","","","","(EC) No 1223/2009","88/667/EEC","","","","CI 15865","",18/10/2010
29,"Calcium 3 -hydroxy-4-[(1-sulphonato-2-naphthyl)azo]-2-naphthoate","CI 15880","","","Red","","","","","(EC) No 1223/2009","88/667/EEC","","","","CI 15880","",19/10/2010
30,"Disodium 6 -hydroxy-5-[(3-sulphonatophenyl)azo]naphthalene-2-sulphonate","CI 15980","","","Orange","","","","","(EC) No 1223/2009","88/667/EEC","","","","CI 15980","",19/10/2010
31,"Disodium 6 -hydroxy-5-[(4-sulphonatophenyl)azo]naphthalene-2-sulphonate and its insoluble barium, strontium and zirconium lakes, salts and pigments","CI 15985 ","","220-491-7","Yellow","","","Purity criteria as set out in Commission Directive 95/45/EC (E 110)","","(EC) No 1223/2009","88/667/EEC","","","Disodium 6-hydroxy-5-((4-sulphonatophenyl)azo)naphthalene-2-sulphonate; C.I. Food Yellow 3; sunset yellow FCF","CI 15985","",18/10/2010
32,"Disodium 6 -hydroxy-5-[(2-methoxy-4-sulphonato-m-tolyl)azo]naphthalene-2-sulphonate ","CI 16035","","247-368-0","Red","","","Purity criteria as set out in Commission Directive 95/45/EC (E 129)","","(EC) No 1223/2009","88/667/EEC","","","","CI 16035","",18/10/2010
33,"Trisodium 3 -hydroxy-4-(4'-sulphonatonaphthylazo)naphthalene-2,7-disulphonate ","CI 16185","","213-022-2","Red","","","Purity criteria as set out in Commission Directive 95/45/EC (E 123)","","(EC) No 1223/2009","88/667/EEC","","","","ACID RED 27;ACID RED 27 ALUMINUM LAKE;CI 16185","",18/10/2010
34,"Disodium 7 -hydroxy-8-(phenylazo)naphthalene-1,3-disulphonate","CI 16230","","","Orange","Not to be used in products applied on mucous membranes","","","","(EC) No 1223/2009","88/667/EEC","","","","CI 16230","",28/10/2010
35,"Trisodium 1 -(1-naphthylazo)-2-hydroxynaphthalene-4',6,8-trisulphonate and its insoluble barium, strontium and zirconium lakes, salts and pigments ","CI 16255 ","","220-036-2","Red","","","Purity criteria as set out in Commission Directive 95/45/EC (E 124)","","(EC) No 1223/2009","88/667/EEC","","","","ACID RED 18;ACID RED 18 ALUMINUM LAKE;CI 16255","",18/10/2010
36,"Tetrasodium 7 -hydroxy-8-[(4-sulphonato-1-naphthyl)azo]naphthalene-1,3,6-trisulphonate","CI 16290","","","Red","","","","","(EC) No 1223/2009","88/667/EEC","","","","CI 16290","",19/10/2010
37,"Disodium 5 -amino-4-hydroxy-3-(phenylazo)naphthalene-2,7-disulphonate and its unsoluble barium, strontium and zirconium lakes, salts and pigments","CI 17200","","","Red","","","","","(EC) No 1223/2009","90/121/EEC","","","","ACID RED 33;CI 17200","",18/10/2010
38,"Disodium 5 -acetylamino-4-hydroxy-3-(phenylazo)naphthalene-2,7-disulphonate","CI 18050","","223-098-9","Red","Not to be used in products applied on mucous membranes","","Purity criteria as set out in Commission Directive 95/45/EC (E 128)","","(EC) No 1223/2009","88/667/EEC","","","","CI 18050","",18/10/2010
39,"2,7 -Naphthalenedisulfonic acid, 3-((4-cyclohexyl-2-methylphenyl)azo)-4-hydroxy-5-(((4-methylphenyl)sulfonyl)amino)-, disodium salt","CI 18130","","","Red","Rinse -off products","","","","(EC) No 1223/2009","88/667/EEC","","","","CI 18130","",18/10/2010
40,"Hydrogen bis[2 -[(4,5-dihydro-3-methyl-5-oxo-1-phenyl-1H-pyrazol-4-yl)azo]benzoato(2-)]chromate(1-)","CI 18690","","","Yellow","Rinse -off products","","","","(EC) No 1223/2009","88/667/EEC","","","","CI 18690","",18/10/2010
41,"Disodium hydrogen bis[5 -chloro-3-[(4,5-dihydro-3-methyl-5-oxo-1-phenyl-1H-pyrazol-4-yl)azo]-2-hydroxybenzenesulphonato(3-)]chromate(3-)","CI 18736","","","Red","Rinse -off products","","","","(EC) No 1223/2009","88/667/EEC","","","","CI 18736","",22/07/2013
42,"Sodium 4 -(3-hydroxy-5-methyl-4-phenylazopyrazol-2-yl)benzenesulphonate","CI 18820","","","Yellow","Rinse -off products","","","","(EC) No 1223/2009","88/667/EEC","","","","CI 18820","",18/10/2010
43,"Disodium 2,5 -dichloro-4-(5-hydroxy-3-methyl-4-((sulphophenyl)azo)pyrazol-1-yl)benzenesulphonate","CI 18965","","","Yellow","","","","","(EC) No 1223/2009","88/667/EEC","","","","CI 18965","",28/10/2010
44,"Trisodium 5 -hydroxy-1-(4-sulphophenyl)-4-((4-sulphophenyl)azo)pyrazole-3-carboxylate and its insoluble barium, strontium and zirconium lakes, salts and pigments","CI 19140 ","","217-699-5 ","Yellow","","","Purity criteria as set out in Commission Directive 95/45/EC (E 102)","","(EC) No 1223/2009","88/667/EEC","","","","ACID YELLOW 23;ACID YELLOW 23 ALUMINUM LAKE;CI 19140;(*)CI 19140; 4,5-dihydro-5-oxo-1-(4-sulphophenyl)-4-[(4-sulphophenyl)azo]-1H-pyrazole-3-carboxylic acid, barium salt;(*)CI 19140; Aluminium, 4,5-dihydro-5-oxo-1-(4-sulfophenyl)-4-[(4-sulfophenyl)azo]-1H-pyrazole-3-carboxylic acid complex;(*)CI 19140; Barium 4,5-dihydro-5-oxo-1-(4-sulphonatophenyl)-4-[(4-sulphonatophenyl)azo]-1H-pyrazole-3-carboxylate (3:2)","",28/10/2010
45,"N,N' -(3,3'-Dimethyl[1,1'-biphenyl]-4,4'-diyl)bis[2-[(2,4-dichlorophenyl)azo]-3-oxobutyramide]","CI 20040","","","Yellow","Rinse -off products","","Maximum 3,3' -dimethylbenzidine concentration in the colouring agent: 5 ppm","","(EC) No 1223/2009","88/667/EEC","","","","CI 20040","",18/10/2010
46,"Sodium 4 -amino-5-hydroxy-3-[(4-nitrophenyl)azo]-6-(phenylazo)naphthalene-2,7-disulphonate","CI 20470","","","Black","Rinse -off products","","","","(EC) No 1223/2009","89/174/EEC","","","","CI 20470;(*)CI 20470; 2,7-Naphthalenedisulfonic acid, 4-amino-5-hydroxy-3-[(4-nitrophenyl)azo]-6-(phenylazo)-, disodium salt ;(*)CI 20470; 2,7-Naphthalenedisulfonic acid, 4-amino-5-hydroxy-3-[2-(4-nitrophenyl)diazenyl]-6-(2-phenyldiazenyl)-, lithium salt (1:2)  ","",18/10/2010
47,"2,2' -[(3,3'-Dichloro[1,1'-biphenyl]-4,4'-diyl)bis(azo)]bis[N-(2,4-dimethylphenyl)-3-oxobutyramide]","CI 21100","","","Yellow","Rinse -off products","","Maximum 3,3' -dimethylbenzidine concentration in the colouring agent: 5 ppm","","(EC) No 1223/2009","88/667/EEC","","","","CI 21100;PIGMENT YELLOW 13","",18/10/2010
48,"2,2' -[(3,3'-Dichloro[1,1'-biphenyl]-4,4'-diyl)bis(azo)]bis[N-(4-chloro-2,5-dimethoxyphenyl)-3-oxobutyramide]","CI 21108","","","Yellow","Rinse -off products","","Maximum 3,3' -dimethylbenzidine concentration in the colouring agent: 5 ppm","","(EC) No 1223/2009","88/667/EEC","","","","CI 21108","",18/10/2010
49,"2,2' -[Cyclohexylidenebis[(2-methyl-4,1-phenylene)azo]]bis[4-cyclohexylphenol]","CI 21230","","","Yellow","Not to be used in products applied on mucous membranes","","","","(EC) No 1223/2009","88/667/EEC","","","","CI 21230;SOLVENT YELLOW 29","",18/10/2010
50,"Disodium 4,6 -dihydroxy-3-[[4-[1-[4-[[1-hydroxy-7-[(phenylsulphonyl)oxy]-3-sulphonato-2-naphthyl]azo]phenyl]cyclohexyl]phenyl]azo]naphthalene-2-sulphonate","CI 24790","","","Red","Rinse -off products","","","","(EC) No 1223/2009","88/667/EEC","","","","CI 24790","",18/10/2010
51,"1 -(4-(Phenylazo)phenylazo)-2-naphthol","CI 26100","","","Red","Not to be used in products applied on mucous membranes","","Purity criteria:  anilin<=0.2% 2 -naphthol <= 0.2% 4-aminoazobenzene <-0.1% 1-(phenylazo)-2-naphthol<=3% 1-[2-(phenylazo)phenylazo]-2-naphthalenol<=2%","","(EC) No 1223/2009","92/86/EEC","","0902/05-Opinion on CI 26100 (Solvent Red 23 not defended as hair dye)","","CI 26100;SOLVENT RED 23","",18/10/2010
52,"Tetrasodium 6 -amino-4-hydroxy-3-[[7-sulphonato-4-[(4-sulphonatophenyl)azo]-1-naphthyl]azo]naphthalene-2,7-disulphonate","CI 27755","","","Black","","","","","(EC) No 1223/2009","88/667/EEC","","","","CI 27755","",18/10/2010
53,"Tetrasodium 1 -acetamido-2-hydroxy-3-(4-((4-sulphonatophenylazo)-7-sulphonato-1-naphthylazo))naphthalene-4,6-disulphonate","CI 28440","","219-746-5","Black","","","Purity criteria as set out in Commission Directive 95/45/EC (E 151)","","(EC) No 1223/2009","88/667/EEC","","","","BRILLIANT BLACK 1;CI 28440","",18/10/2010
54,"Benzenesulfonic acid, 2,2' -(1,2-ethenediyl)bis-5-nitro-, disodium salt, reaction products with 4-[(4-aminophenyl)azo]benzenesulfonic acid, sodium salts","CI 40215","","","Orange","Rinse -off products","","","","(EC) No 1223/2009","88/667/EEC","","","","CI 40215","",18/10/2010
55,"beta Carotene","CI 40800","","230-636-6 ","Orange","","","Purity criteria as set out in Commission Directive 95/45/EC (E 160a)","","(EC) No 1223/2009","88/667/EEC","","","","CI 40800","",18/10/2010
56,"8' -apo-.beta.-Caroten-8'-al","CI 40820","","","Orange","","","Purity criteria as set out in Commission Directive 95/45/EC (E 160e)","","(EC) No 1223/2009","88/667/EEC","","","","CI 40820","",18/10/2010
57,"Ethyl 8' -apo-.beta.-caroten-8'-oate","CI 40825","","214-173-7","Orange","","","Purity criteria as set out in Commission Directive 95/45/EC (E 160f)","","(EC) No 1223/2009","88/667/EEC","","","","CI 40825","",18/10/2010
58,"Canthaxanthin","CI 40850","","208-187-2","Orange","","","Purity criteria as set out in Commission Directive 95/45/EC (E 161g)","","(EC) No 1223/2009","88/667/EEC","","","","CI 40850","",18/10/2010
59,"Ammonium, (4 -(alpha-(p-(diethylamino)phenyl)-2,4-disulfobenzylidene)-2,5-cyclohexadien-1-ylidene)diethyl-, hydroxide, monosodium salt","CI 42045","","","Blue","Not to be used in products applied on mucous membranes","","","","(EC) No 1223/2009","90/121/EEC","","","","ACID BLUE 1;CI 42045","",18/10/2010
60,"Ethanaminium, N -(4-((4-(diethylamino)phenyl)(5-hydroxy-2,4-disulfophenyl)methylene)-2,5-cyclohexadien-1-ylidene)-N-ethylhydroxide, inner salt, calcium salt (2:1) and its insoluble barium, strontium and zirconium lakes, salts and pigments","CI 42051 ","","222-573-8","Blue","","","Purity criteria as set out in Commission Directive 95/45/EC (E 131)","","(EC) No 1223/2009","88/667/EEC","","","","ACID BLUE 3;CI 42051","",28/10/2010
61,"Benzene -methanaminium, N-ethyl-N-(4-((4-(ethyl((3-sulfophenyl)methyl)amino)phenyl)(4-hydroxy-2-sulfophenyl)methylene)-2,5-cyclohexadien-1-ylidene)-3-sulfo-, hydroxide, inner salt, disodium salt","CI 42053","","","Green","","","","","(EC) No 1223/2009","88/667/EEC","","","","CI 42053","",28/10/2010
62,"Hydrogen (benzyl)[4 -[[4-[benzylethylamino]phenyl](2,4-disulphonatophenyl)methylene]cyclohexa-2,5-dien-1-ylidene](ethyl)ammonium, sodium salt","CI 42080","","","Blue","Rinse -off products","","","","(EC) No 1223/2009","88/667/EEC","","","","CI 42080","",18/10/2010
63,"Benzenemethanaminium, N -ethyl-N-(4-((4-(ethyl((3-sulfophenyl)methyl)amino)phenyl)(2-sulfophenyl)methylene)-2,5-cyclohexadien-1-ylidene)-3-sulfo-, hydroxide, inner salt, disodium salt ","CI 42090","","223-339-8 ","Blue","","","Purity criteria as sset out in Commission Directive 95/45/EC (E 133)","","(EC) No 1223/2009","88/667/EEC","","","","ACID BLUE 9;ACID BLUE 9 ALUMINUM LAKE;ACID BLUE 9 AMMONIUM SALT;(*)Benzenemethanaminium, N-ethyl-N-(4-((4-(ethyl((3-sulfophenyl)methyl)amino)phenyl)(2-sulfophenyl)methylene)-2,5-cyclohexadien-1-ylidene)-3-sulfo-, inner salt, potassium salt (1:2); CI 42090;(*)Benzenemethanaminium, N-ethyl-N-(4-((4-(ethyl((3-sulfophenyl)methyl)amino)phenyl)(2-sulfophenyl)methylene)-2,5-cyclohexadien-1-ylidene)-3-sulfo-, inner salt, potassium sodium salt (1:1:1); CI 42090?;BLUE 1 LAKE;CI 42090;(*)CI Acid Blue 9, aluminum salt (3:2); Benzenemethanaminium, N-ethyl-N-(4-((4-(ethyl((3-sulfophenyl)methyl)amino)phenyl)(2-sulfophenyl)methylene)-2,5-cyclohexadien-1-ylidene)-3-sulfo-, hydroxide, inner salt, aluminum salt (3:2); CI 42090:2?  ","",18/10/2010
64,"Hydrogen [4 -[(2-chlorophenyl)[4-[ethyl(3-sulphonatobenzyl)amino]phenyl]methylene]cyclohexa-2,5-dien-1-ylidene](ethyl)(3-sulphonatobenzyl)ammonium, sodium salt","CI 42100","","","Green","Rinse -off products","","","","(EC) No 1223/2009","88/667/EEC","","","","CI 42100","",18/10/2010
65,"Hydrogen [4 -[(2-chlorophenyl)[4-[ethyl(3-sulphonatobenzyl)amino]-o-tolyl]methylene]-3-methylcyclohexa-2,5-dien-1-ylidene](ethyl)(3-sulphonatobenzyl)ammonium, sodium salt","CI 42170","","","Green","Rinse -off products","","","","(EC) No 1223/2009","89/174/EEC","","","","CI 42170","",18/10/2010
66,"(4 -(4-Aminophenyl)(4-iminocyclohexa-2,5-dienylidene)methyl)-2-methylaniline hydrochloride","CI 42510","","","Violet","Not to be used in products applied on mucous membranes","","","","(EC) No 1223/2009","88/667/EEC","","","Benzenamine, 4-((4-aminophenyl)(4-imino-2,5-cyclohexadien-1-ylidene)methyl)-2-methyl-, hydrochloride (1:1) ","BASIC VIOLET 14;CI 42510","",18/10/2010
67,"4 -[(4-Amino-m-tolyl)(4-imino-3-methylcyclohexa-2,5-dien-1-ylidene)methyl]-o-toluidine monohydrochloride","CI 42520","","","Violet","Rinse -off products","5 ppm ","","","(EC) No 1223/2009","88/667/EEC","","","","BASIC VIOLET 2;CI 42520","",18/10/2010
68,"Hydrogen [4 -[[4-(diethylamino)phenyl][4-[ethyl[(3-sulphonatobenzyl)amino]-o-tolyl]methylene]-3-methylcyclohexa-2,5-dien-1-ylidene](ethyl)(3-sulphonatobenzyl)ammonium, sodium salt","CI 42735","","","Blue","Not to be used in products applied on mucous membranes","","","","(EC) No 1223/2009","88/667/EEC","","","","CI 42735","",18/10/2010
69,"[4 -[[4-Anilino-1-naphthyl][4-(dimethylamino)phenyl]methylene]cyclohexa-2,5-dien-1-ylidene]dimethylammonium chloride","CI 44045","","","Blue","Not to be used in products applied on the mucous membranes","","","","(EC) No 1223/2009","89/174/EEC","","","","CI 44045","",18/10/2010
70,"Hydrogen [4 -[4-(dimethylamino)-.alpha.-(2-hydroxy-3,6-disulphonato-1-naphthyl)benzylidene]cyclohexa-2,5-dien-1-ylidene]dimethylammonium, monosodium salt","CI 44090","","221-409-2","Green","","","Purity criteria as set out in Commission Directive 95/45/EC (E 142)","","(EC) No 1223/2009","88/667/EEC","","","","ACID GREEN 50;CI 44090","",18/10/2010
71,"Hydrogen 3,6 -bis(diethylamino)-9-(2,4-disulphonatophenyl)xanthylium, sodium salt","CI 45100","","","Red","Rinse -off products","","","","(EC) No 1223/2009","88/667/EEC","","","","ACID RED 52;CI 45100","",18/10/2010
72,"Hydrogen 9 -(2-carboxylatophenyl)-3-(2-methylanilino)-6-(2-methyl-4-sulphoanilino)xanthylium, monosodium salt","CI 45190","","","Violet","Rinse -off products","","","","(EC) No 1223/2009","89/174/EEC","","","","ACID VIOLET 9;CI 45190","",18/10/2010
73,"Hydrogen 9 -(2,4-disulphonatophenyl)-3,6-bis(ethylamino)-2,7-dimethylxanthylium, monosodium salt","CI 45220","","","Red","Rinse -off products","","","","(EC) No 1223/2009","88/667/EEC","","","","CI 45220","",18/10/2010
74,"Disodium 2 -(3-oxo-6-oxidoxanthen-9-yl)benzoate","CI 45350","","","Yellow","","6%","","","(EC) No 1223/2009","88/667/EEC","","","","CI 45350","",18/10/2010
75,"4',5' -Dibromo-3',6'-dihydroxyspiro[isobenzofuran-1(3H),9'-[9H]xanthene]-3-one and its insoluble barium, strontium and zirconium lakes, salts and pigments","CI 45370 ","","","Orange","","","Not more than 1% 2 -(6-hydroxy-3-oxo-3H-xanthen-9-yl)benzoic acid and 2% 2-(bromo-6-hydroxy-3-oxo-3H-xanthen-9-yl)benzoic acid","","(EC) No 1223/2009","88/667/EEC","","","","CI 45370;(*)CI 45370:1; 4',5'-Dibromo-3',6'-dihydroxyspiro(isobenzofuran-1(3H),9'-(9H)xanthene)-3-one ; Fluorescein, 4',5'-dibromo- ;   ;(*)CI 45370; Disodium 2-(4,5-dibromo-6-oxido-3-oxoxanthen-9-yl)benzoate; Fluorescein, 4',5'-dibromo-, disodium salt; Spiro(isobenzofuran-1(3H),9'-(9H)xanthen)-3-one, 4',5'-dibromo-3',6'-dihydroxy-, disodium salt   ;SOLVENT RED 72","",18/10/2010
76,"Disodium 2 -(2,4,5,7-tetrabromo-6-oxido-3-oxoxanthen-9-yl)benzoate and its insoluble barium, strontium and zirconium lakes, salts and pigments","CI 45380 ","","","Red","","","Not more than 1% 2 -(6-hydroxy-3-oxo-3H-xanthen-9-yl)benzoic acid and 2% 2-(bromo-6-hydroxy-3-oxo-3H-xanthen-9-yl)benzoic acid","","(EC) No 1223/2009","88/667/EEC","","","","(*)2-(2,4,5,7-tetrabromo-3,6-dihydroxyxanthen-9-yl)benzoic acid, zirconium salt; CI 45380;ACID RED 87;CI 45380;(*)CI 45380; Benzoic acid, 2-(2,4,5,7-tetrabromo-6-hydroxy-3-oxo-3H-xanthen-9-yl)-, disodium salt  ;PIGMENT RED 90:1 ALUMINUM LAKE","",18/10/2010
77,"3',6' -Dihydroxy-4',5'-dinitrospiro[isobenzofuran-1(3H),9'-[9H]xanthene]-3-one","CI 45396","","","Orange","","1%, when used in lip products","Only in free acid form, when used in lip products","","(EC) No 1223/2009","88/667/EEC","","","","CI 45396","",18/10/2010
78,"Dipotassium 3,6 -dichloro-2-(2,4,5,7-tetrabromo-6-oxido-3-oxoxanthen-9-yl)benzoate","CI 45405","","","Red","Not to be used in eye products","","Not more than 1% 2 -(6-hydroxy-3-oxo-3H-xanthen-9-yl)benzoic acid and 2% 2-(bromo-6-hydroxy-3-oxo-3H-xanthen-9-yl)benzoic acid","","(EC) No 1223/2009","88/667/EEC","","","","CI 45405","",18/10/2010
79,"3,4,5,6 -Tetrachloro-2-(1,4,5,8-tetrabromo-6-hydroxy-3-oxoxanthen-9-yl)benzoic acid and its soluble barium, strontium and zirconium lakes, salts and pigments","CI 45410 ","","","Red","","","Not more than 1% 2 -(6-hydroxy-3-oxo-3H-xanthen-9-yl)benzoic acid and 2% 2-(bromo-6-hydroxy-3-oxo-3H-xanthen-9-yl)benzoic acid","","(EC) No 1223/2009","88/667/EEC","","","","ACID RED 92;CI 45410;SOLVENT RED 48","",18/10/2010
80,"Disodium 2 -(2,4,5,7-tetraiodo-6-oxido-3-oxoxanthen-9-yl)benzoate and its insoluble barium, strontium and zirconium lakes, salts and pigments","CI 45430 ","","240-474-8","Red","","","Purity criteria as set out in Commission Directive 95/45/EC (E 127) ","","(EC) No 1223/2009","88/667/EEC","","1314/10-Opinion on Erythrosine (CI 45430)","","ACID RED 51;CI 45430;PIGMENT RED 172 ALUMINUM LAKE","",18/10/2010
81,"1,3 -Isobenzofurandione, reaction products with methylquinoline and quinoline","CI 47000","","","Yellow","Not to be used in products applied on mucous membranes","","","","(EC) No 1223/2009","89/174/EEC","","","","CI 47000;SOLVENT YELLOW 33","",18/10/2010
82,"1H -Indene-1,3(2H)-dione, 2-(2-quinolinyl)-, sulfonated, sodium salts","CI 47005","","305-897-5 ","Yellow","","","Purity criteria as set out in Commission Directive 95/45/EC (E 104)","","(EC) No 1223/2009","88/667/EEC","","","","(*)1H-Indene-1,3(2H)-dione, 2-(2-quinolinyl)-, sulfonated, sodium salts; CI Acid Yellow 3, mixed sodium salt and free acid ~ CI 47005 ;ACID YELLOW 3;ACID YELLOW 3 ALUMINUM LAKE;(*)Aluminum, 2-(1,3-dihydro-1,3-dioxo-2H-inden-2-ylidene)-1,2-dihydro-6,7-quinolinedisulfonate complexes; ~ CI 47005;CI 47005","",18/10/2010
83,"Hydrogen 9 -[(3-methoxyphenyl)amino]-7-phenyl-5-(phenylamino)-4,10-disulphonatobenzo[a]phenazinium, sodium salt","CI 50325","","","Violet","Rinse -off products","","","","(EC) No 1223/2009","88/667/EEC","","","","CI 50325","",18/10/2010
84,"Sulfonated nigrosine color","CI 50420","","","Black","Not to be used in products applied on the mucous membranes","","","","(EC) No 1223/2009","88/667/EEC","","","","CI 50420","",18/10/2010
85,"8,18 -Dichloro-5,15-diethyl-5,15-dihydrodiindolo[3,2-b:3',2'-m]triphenodioxazine","CI 51319","","","Violet","Rinse -off products","","","","(EC) No 1223/2009","88/667/EEC","","","","CI 51319;PIGMENT VIOLET 23","",18/10/2010
86,"1,2 -Dihydroxyanthraquinone","CI 58000","","","Red","","","","","(EC) No 1223/2009","88/667/EEC","","","","CI 58000;PIGMENT RED 83","",18/10/2010
87,"Trisodium 8 -hydroxypyrene-1,3,6-trisulphonate","CI 59040","","","Green","Not to be used in products applied on the mucous membranes","","","","(EC) No 1223/2009","88/667/EEC","","","","CI 59040;SOLVENT GREEN 7","",18/10/2010
88,"1 -Anilino-4-hydroxyanthraquinone","CI 60724","","","Violet","Rinse -off products","","","","(EC) No 1223/2009","88/667/EEC","","","","CI 60724","",18/10/2010
89,"1 -Hydroxy-4-(p-toluidino)anthraquinone","CI 60725","","","Violet","","","","","(EC) No 1223/2009","88/667/EEC","","","","CI 60725;SOLVENT VIOLET 13","",18/10/2010
90,"Sodium 4 -[(9,10-dihydro-4-hydroxy-9,10-dioxo-1-anthryl)amino]toluene-3-sulphonate","CI 60730","","","Violet","Not to be used in products applied on the mucous membranes","","","","(EC) No 1223/2009","88/667/EEC","","","","ACID VIOLET 43;CI 60730","",18/10/2010
91,"1,4 -bis(p-Tolylamino)anthraquinone","CI 61565","","","Green","","","","","(EC) No 1223/2009","88/667/EEC","","","","CI 61565;SOLVENT GREEN 3","",18/10/2010
92,"Disodium 2,2' -(9,10-dioxoanthracene-1,4-diyldiimino)bis(5-methylsulphonate)","CI 61570","","","Green","","","","","(EC) No 1223/2009","88/667/EEC","","","","CI 61570","",18/10/2010
93,"Sodium 3,3' -(9,10-dioxoanthracene-1,4-diyldiimino)bis(2,4,6-trimethylbenzenesulphonate)","CI 61585","","","Blue","Rinse -off products","","","","(EC) No 1223/2009","88/667/EEC","","","","CI 61585","",18/10/2010
94,"Sodium 1 -amino-4-(cyclohexylamino)-9,10-dihydro-9,10-dioxoanthracene-2-sulphonate","CI 62045","","","Blue","Rinse -off products","","","","(EC) No 1223/2009","88/667/EEC","","","","ACID BLUE 62;CI 62045","",18/10/2010
95,"6,15 -Dihydroanthrazine-5,9,14,18-tetrone","CI 69800","","","Blue","","","","","(EC) No 1223/2009","88/667/EEC","","","","CI 69800","",18/10/2010
96,"7,16 -Dichloro-6,15-dihydroanthrazine-5,9,14,18-tetrone","CI 69825","","","Blue","","","","","(EC) No 1223/2009","88/667/EEC","","","","CI 69825","",18/10/2010
97,"Bisbenzimidazo[2,1 -b:2',1'-i]benzo[lmn][3,8]phenanthroline-8,17-dione","CI 71105","","","Orange","Not to be used in products applied on mucous membranes","","","","(EC) No 1223/2009","88/667/EEC","","","","CI 71105","",18/10/2010
98,"2 -(1,3-Dihydro-3-oxo-2H-indazol-2-ylidene)-1,2-dihydro-3H-indol-3-one","CI 73000","","","Blue","","","","","(EC) No 1223/2009","88/667/EEC","","","","CI 73000","",13/11/2010
99,"Disodium 5,5' -(2-(1,3-dihydro-3-oxo-2H-indazol-2-ylidene)-1,2-dihydro-3H-indol-3-one)disulphonate ","CI 73015","","212-728-8","Blue","","","Purity criteria as set out in Commission Directive 95/45/EC (E 132)","","(EC) No 1223/2009","88/667/EEC","","","","ACID BLUE 74;ACID BLUE 74 ALUMINUM LAKE;CI 73015","",18/10/2010
100,"6 -Chloro-2-(6-chloro-4-methyl-3-oxobenzo[b]thien-2(3H)-ylidene)-4-methylbenzo[b]thiophene-3(2H)-one","CI 73360","","","Red","","","","","(EC) No 1223/2009","88/667/EEC","","","","CI 73360;VAT RED 1","",18/10/2010
101,"5 -Chloro-2-(5-chloro-7-methyl-3-oxobenzo[b]thien-2(3H)-ylidene)-7-methylbenzo[b]thiophene-3(2H)-one","CI 73385","","","Violet","","","","","(EC) No 1223/2009","88/667/EEC","","","","CI 73385","",18/10/2010
102,"5,12 -Dihydroquino[2,3-b]acridine-7,14-dione","CI 73900","","","Violet","Rinse -off products","","","","(EC) No 1223/2009","92/86/EEC","","","","CI 73900;PIGMENT VIOLET 19","",18/10/2010
103,"5,12 -Dihydro-2,9-dimethylquino[2,3-b]acridine-7,14-dione","CI 73915","","","Red","Rinse -off products","","","","(EC) No 1223/2009","88/667/EEC","","","","CI 73915","",18/10/2010
104,"29H,31H -Phthalocyanine","CI 74100","","","Blue","Rinse -off products","","","","(EC) No 1223/2009","88/667/EEC","","","","CI 74100","",18/10/2010
105,"(29H,31H -Phthalocyaninato(2-)-N29,N30,N31,N32)copper","CI 74160","","","Blue","","","","","(EC) No 1223/2009","88/667/EEC","","","","CI 74160;PIGMENT BLUE 15","",18/10/2010
106,"Disodium [29H,31H -phthalocyaninedisulphonato(4-)-N29,N30,N31,N32]cuprate(2-)","CI 74180","","","Blue","Rinse -off products","","","","(EC) No 1223/2009","92/86/EEC","","","","CI 74180","",18/10/2010
107,"Polychloro copper phthalocyanine","CI 74260","","","Green","Not to be used in eye products","","","","(EC) No 1223/2009","88/667/EEC","","","","CI 74260;PIGMENT GREEN 7","",18/10/2010
108,"8,8' -diapo-.psi.,.psi.-Carotenedioic acid","CI 75100","","","Yellow","","","","","(EC) No 1223/2009","88/667/EEC","","","","CI 75100","",18/10/2010
109,"Annatto","CI 75120","","215-735-4 / 289-561-2 / 230-248-7","Orange","","","Purity criteria as set out in Commission Directive 95/45/EC (E 160b)","","(EC) No 1223/2009","88/667/EEC","","","6,6'-Diapo-psi.,psi.-carotenedioic acid ","CI 75120;(*)Dipotassium 6,6'-diapo-.psi.,.psi.-carotenedioate (CI 75120);(*)Disodium 6,6'-diapo-.psi.,.psi.-carotenedioate (CI 75120)","",18/10/2010
110,"Lycopene ","CI 75125","","","Yellow","","","Purity criteria as set out in Commission Directive 95/45/EC (E 160d)","","(EC) No 1223/2009","88/667/EEC","","","","CI 75125;LYCOPENE","",18/10/2010
111,"CI Food Orange 5","CI 75130","","214-171-6","Orange","","","Purity criteria as set out in Commission Directive 95/45/EC (E 160a)","","(EC) No 1223/2009","88/667/EEC","","","","BETA-CAROTENE;CI 75130","",18/10/2010
112,"(3R) -beta-4-Caroten-3-ol","CI 75135","","","Yellow","","","","","(EC) No 1223/2009","88/667/EEC","","","","CI 75135","",18/10/2010
113,"2 -Amino-1,7-dihydro-6H-purin-6-one","CI 75170","","","White","","","","","(EC) No 1223/2009","88/667/EEC","","","","CI 75170;GUANINE","",18/10/2010
114,"Curcumins","CI 75300","","207-280-5 ","Yellow","","","Purity criteria as set out in Commission Directive 95/45/EC (E 100)","","(EC) No 1223/2009","88/667/EEC","","","","CI 75300;CURCUMIN","",18/10/2010
115,"Carmines","CI 75470","","215-023-3 / 215-680-6 / 215-724-4","Red","","","Purity criteria as set out in Commission Directive 95/45/EC (E 120)","","(EC) No 1223/2009","88/667/EEC","","","","CI 75470;COCHINEAL","",18/10/2010
116,"Trisodium (2S -trans)-[18-carboxy-20-(carboxymethyl)-13-ethyl-2,3-dihydro-3,7,12,17-tetramethyl-8-vinyl-21H,23H-porphine-2-propionato(5-)-N21,N22,N23,N24]cuprate(3-) (Chlorophylls)","CI 75810","","215-800-7 / 207-536-6 / 208-272-4 / 287-483-3 / 239-830-5 / 246-020-5","Green","","","Purity criteria as set out in Commission Directive 95/45/EC (E 140, E 141)","","(EC) No 1223/2009","88/667/EEC","","","","CI 75810","",18/10/2010
117,"Aluminium","CI 77000","","231-072-3","White","","","Purity criteria as set out in Commission Directive 95/45/EC (E 173)","","(EC) No 1223/2009","88/667/EEC","","1525/14-Opinion on the safety of aluminium in cosmetic products","","CI 77000","",13/06/2014
118,"Aluminium hydroxide sulphate","CI 77002","","","White","","","","","(EC) No 1223/2009","88/667/EEC","","","","CI 77002;(*)CI 77002; Aluminium hydroxide","",18/10/2010
119,"Natural hydrated aluminium silicate, Al2O3.2SiO2.2H2O, containing calcium, magnesium or iron carbonates, ferric hydroxide, quartz -sand, mica, etc. as impurities","CI 77004","","","White","","","","","(EC) No 1223/2009","88/667/EEC","","","","ALUMINUM SILICATE;BENTONITE;CI 77004;KAOLIN","",18/10/2010
120,"Lazurite","CI 77007","","","Blue","","","","","(EC) No 1223/2009","88/667/EEC","","","","CI 77007;ULTRAMARINES","",18/10/2010
121,"Aluminum silicate coloured with ferric oxide","CI 77015","","","Red","","","","","(EC) No 1223/2009","88/667/EEC","","","","CI 77015","",18/10/2010
122,"Barium sulfate","CI 77120","","","White","","","","","(EC) No 1223/2009","88/667/EEC","","","","BARIUM SULFATE;CI 77120","",18/10/2010
123,"Bismuth chloride oxide","CI 77163","","","White","","","","","(EC) No 1223/2009","88/667/EEC","","","","CI 77163","",18/10/2010
124,"Calcium carbonate","CI 77220","471-34-1","207-439-9 / 215-279-6","White","","","Purity criteria as set out in Commission Directive 95/45/EC (E 170)","","(EC) No 1223/2009","88/667/EEC","","","","CALCIUM CARBONATE;CI 77220","",15/10/2010
125,"Calcium sulfate","CI 77231","7778-18-9 / 10034-76-1 / 10101-41-4","231-900-3 / - / -","White","","","","","(EC) No 1223/2009","88/667/EEC","","","","CALCIUM SULFATE;(*)Calcium sulfate dihydrate; CI 77231;(*)Calcium sulfate hemihydrate; CI 77231;CI 77231","",15/10/2010
126,"Carbon black","CI 77266","","215-609-9","Black","","","Purity criteria as set out in Commission Directive 95/45/EC (E 153)","","(EC) No 1223/2009","88/667/EEC","","1515/13-Opinion on Carbon Black (nano-form);1539/14-Opinion for clarification of the meaning of the term sprayable applications/products for the nano forms of Carbon Black CI 77266, Titanium Oxide and Zinc Oxide","","CI 77266","",10/06/2015
127,"Charcoal, bone. A fine black powder obtained by burning animal bones in a closed container. It consists primarily of calcium phosphate and carbon","CI 77267","","","Black","","","","","(EC) No 1223/2009","88/667/EEC","","","","CI 77267","",18/10/2010
128,"Coke black","CI 77268:1","","","Black","","","","","(EC) No 1223/2009","88/667/EEC","","","","CI 77268:1","",28/10/2010
129,"Chromium (III) oxide","CI 77288","","","Green","","","free from chromate ion","","(EC) No 1223/2009","88/667/EEC","","","","CHROMIUM OXIDE GREENS;CI 77288","",18/10/2010
130,"Chromium (III) hydroxide","CI 77289","","","Green","","","free from chromate ion","","(EC) No 1223/2009","88/667/EEC","","","","CHROMIUM HYDROXIDE GREEN;CI 77289","",18/10/2010
131,"Cobalt Aluminum Oxide","CI 77346","","","Green","","","","","(EC) No 1223/2009","88/667/EEC","","","","CI 77346","",01/12/2010
132,"Copper","CI 77400","","","Brown","","","","","(EC) No 1223/2009","88/667/EEC","","","","CI 77400","",18/10/2010
133,"Gold ","CI 77480","","231-165-9","Brown","","","Purity criteria as set out in Commission Directive 95/45/EC (E175)","","(EC) No 1223/2009","88/667/EEC","","","","CI 77480;GOLD","",18/10/2010
134,"Iron oxide","CI 77489","","","Orange","","","","","(EC) No 1223/2009","88/667/EEC","","","","CI 77489;(*)CI 77489; CI 77491; CI 77499; Iron oxide; Ferrous oxide","",28/10/2010
135,"Iron Oxide red","CI 77491","","215-168-2","Red","","","Purity criteria as set out in Commission Directive 95/45/EC (E172)","","(EC) No 1223/2009","88/667/EEC","","","","(*)CI 77489; CI 77491; CI 77499; Iron oxide; Ferrous oxide;CI 77491;(*)CI 77491; CI 77492; CI 77499; Iron oxide brown; CI Pigment Brown 6 ;(*)CI 77491; CI 77492; CI 77499; Natural iron oxide; CI Pigment Brown 7 ;(*)CI 77491; CI 77499; Diiron trioxide; Ferric oxide ;(*)CI 77491; CI 77499; Triiron tetraoxide; Ferrosoferric oxide","",18/10/2010
136,"Iron Oxide Yellow","CI 77492","51274-00-1","257-098-5","Yellow","","","Purity criteria as set out in Commission Directive 95/45/EC (E172)","","(EC) No 1223/2009","88/667/EEC","","","","(*)CI 77491; CI 77492; CI 77499; Iron oxide brown; CI Pigment Brown 6 ;(*)CI 77491; CI 77492; CI 77499; Natural iron oxide; CI Pigment Brown 7 ;CI 77492;(*)CI 77492; Iron hydroxide oxide yellow; CI Pigment Yellow 42;(*)CI 77492; Iron hydroxide oxide; Hydrated ferric oxide","",18/10/2010
137,"Iron Oxide Black","CI 77499","","235-442-5","Black","","","Purity criteria as set out in Commission Directive 95/45/EC (E172)","","(EC) No 1223/2009","88/667/EEC","","","","(*)CI 77489; CI 77491; CI 77499; Iron oxide; Ferrous oxide;(*)CI 77491; CI 77492; CI 77499; Iron oxide brown; CI Pigment Brown 6 ;(*)CI 77491; CI 77492; CI 77499; Natural iron oxide; CI Pigment Brown 7 ;(*)CI 77491; CI 77499; Diiron trioxide; Ferric oxide ;(*)CI 77491; CI 77499; Triiron tetraoxide; Ferrosoferric oxide;CI 77499;(*)CI 77499; Iron oxide black; CI Pigment Black 11; Triiron tetraoxide ","",18/10/2010
138,"Ferric Ammonium Ferrocyanide","CI 77510","","","Blue","","","free from cyanide ions","","(EC) No 1223/2009","88/667/EEC","","","","CI 77510;(*)CI 77510; CI Pigment Blue 27; CI 77520;(*)CI 77510; Prussian blue; Ferric ferrocyanide; Ferrate(4-), hexacyano-, iron(3+) (3:4)  ","",18/10/2010
139,"Magnesium carbonate","CI 77713","","","White","","","","","(EC) No 1223/2009","88/667/EEC","","","","CI 77713;MAGNESIUM CARBONATE","",18/10/2010
140,"Ammonium manganese(3+) diphosphate","CI 77742","","","Violet","","","","","(EC) No 1223/2009","88/667/EEC","","","","CI 77742","",18/10/2010
141,"Trimanganese bis(orthophosphate)","CI 77745","","","Red","","","","","(EC) No 1223/2009","88/667/EEC","","","","CI 77745","",18/10/2010
142,"Silver","CI 77820","","231-131-3","White","","","Purity criteria as set out in Commission Directive 95/45/EC (E174)","","(EC) No 1223/2009","88/667/EEC","","","","CI 77820","",18/10/2010
143,"Titanium dioxide (1)","CI 77891","","236-675-5","White","","","Purity criteria as set out in Commission Directive 95/45/EC (E171)","","(EC) No 1223/2009","88/667/EEC","","","","TITANIUM DIOXIDE","",10/06/2013
144,"Zinc oxide","CI 77947","","","White","","","","","(EC) No 1223/2009","88/667/EEC","","0649/03-Opinion concerning Zinc oxide;0932/05-Statement on Zinc Oxide used in Sunscreens;1147/07-Opinion on Safety of Nanomaterials in Cosmetic Products;1215/09-Clarification on Opinion SCCNFP/0932/05 on Zinc Oxide;1518/13-Addendum to the Opinion  SCCS/1489/12 on Zinc oxide (nano form) ","","CI 77947;ZINC OXIDE","",13/06/2014
145,"Riboflavin","LACTOFLAVIN","","201-507-1 / 204-988-6","Yellow","","","Purity criteria as set out in Commission Directive 95/45/EC (E101)","","(EC) No 1223/2009","88/667/EEC","","","","LACTOFLAVIN;RIBOFLAVIN","",18/10/2010
146,"Caramel","CARAMEL","","232-435-9","Brown","","","Purity criteria as set out in Commission Directive 95/45/EC (E150a -d)","","(EC) No 1223/2009","88/667/EEC","","","","CARAMEL","",18/10/2010
147,"Paprika extract, Capsanthin, capsorubin","CAPSANTHIN, CAPSORUBIN","","207-364-1 / 207-425-2","Orange","","","Purity criteria as set out in Commission Directive 95/45/EC (E160c)","","(EC) No 1223/2009","88/667/EEC","","","","","",18/10/2010
148,"Beetroot red","BEETROOT RED","7659-95-2","231-628-5","Red","","","Purity criteria as set out in Commission Directive 95/45/EC (E162)","","(EC) No 1223/2009","88/667/EEC","","","","BETA VULGARIS","",18/10/2010
149,"Anthocyanins (Cyanidin, Peonidin, Malvidin, Delphinidin, Petunidin, Pelargonidin)","ANTHOCYANINS","528-58-5 / 134-01-0 / 528-53-0 / 643-84-5 / 134-04-3","208-438-6 / 205-125-6 / 211-403-8 / 208-437-0 / - / 205-127-7","Red","","","Purity criteria as set out in Commission Directive 95/45/EC (E163)","","(EC) No 1223/2009","88/667/EEC","","","3,5,7-trihydroxy-2-(4-hydroxy-3,5-dimethoxyphenyl)-1-benzopyrylium chloride ","ANTHOCYANINS","",28/10/2010
150,"Aluminium, zinc, magnesium and calcium stearates","ALUMINUM STEARATE / ZINC STEARATE / MAGNESIUM STEARATE / CALCIUM STEARATE","7047-84-9 / 557-05-1 /557-04-0 / 1592-23-0","230-325-5 / 209-151-9 / 209-150-3 / 216-472-8","White","","","","","(EC) No 1223/2009","","","","","","",18/10/2010
151,"Phenol, 4,4' -(3H-2,1-benzoxathiol-3-ylidene)bis[2-bromo-3-methyl-6-(1-methylethyl)-, S,S-dioxide","BROMOTHYMOL BLUE","76-59-5","200-971-2","Blue","Rinse -off products","","","","(EC) No 1223/2009","88/667/EEC","","","","BROMOTHYMOL BLUE","",15/10/2010
152,"Phenol, 4,4' -(3H-2,1-benzoxathiol-3-ylidene)bis[2,6-dibromo-3-methyl-,S,S-dioxide","BROMOCRESOL GREEN","76-60-8","200-972-8","Green","Rinse -off products","","","","(EC) No 1223/2009","88/667/EEC","","","","BROMOCRESOL GREEN","",18/10/2010
153,"Sodium 4 -[(4,5-dihydro-3-methyl-5-oxo-1-phenyl-1H-pyrazol-4-yl)azo]-3-hydroxynaphthalene-1-sulphonate","ACID RED 195","12220-24-5","-","Red","Not to be used in products applied on mucous membranes","","","","(EC) No 1223/2009","88/667/EEC","","","","ACID RED 195","",15/10/2010

